int_hr.png,20a01d03ddef903b47a5ce73f0f24533e845558b9d03b06862d8c8765aeed76e
test.png,7be8f755f766149a7b6fca1e4293ba73338f701e0e3f64cb6f61daf4bdd5c149
test2.png,7be8f755f766149a7b6fca1e4293ba73338f701e0e3f64cb6f61daf4bdd5c149
test2.png,8b4e0276d7cb237329567919aea1a742003a4c35892b74e9341fbda964cad285
int_hr.png,7be8f755f766149a7b6fca1e4293ba73338f701e0e3f64cb6f61daf4bdd5c149
abc.png,7be8f755f766149a7b6fca1e4293ba73338f701e0e3f64cb6f61daf4bdd5c149
template.png,c07ae486a8e2d59060a8a4df3974e89fa43b86de783dac37e1b85ba3b496aa62
component_flow.png,278146ff819e9ae69febf589805ade492a13dec02e67e22c3042677f3bda1bd8
template.png,a37f8b1dcf186777e0ed1683a34ffb203205565b4951ffc134cd5d1b81152694
test.png,cc66729d808b2a9535994236c33e688f940ecb23c3ac16f8f4e071b938a54e9b
test.png,9d1fbc1cbb17810af0d6c6ecff06644bede223909b4c83807832b67542c8b5b8
test.png,cc66729d808b2a9535994236c33e688f940ecb23c3ac16f8f4e071b938a54e9b
all_patterns.png,a30439dcf5f698da223190a71127f770708521f957dbd7352ed9483045f63e2c
all_patterns.png,834a06eba9e1d4641ccddc9fca2d8384c5621d5963805f3d70645b62f1809238
template_0.21329149237901168.png,a37f8b1dcf186777e0ed1683a34ffb203205565b4951ffc134cd5d1b81152694
template_0.3304128827809283.png,c07ae486a8e2d59060a8a4df3974e89fa43b86de783dac37e1b85ba3b496aa62
template_0.644652256332129.png,a37f8b1dcf186777e0ed1683a34ffb203205565b4951ffc134cd5d1b81152694
component_flow_0.9951554776629227.png,278146ff819e9ae69febf589805ade492a13dec02e67e22c3042677f3bda1bd8
component_flow_0.9434253146158168.png,13243495ce90e73103d2012bf56c442cf751e4f1c884c8d770cfac4cdd366a4c
